Workbook
Name TeamNames: '👥 Team'!$A$2:$A$51

Sheet 📌 Today
A1: 5 CIRCLES HQ
A2: ="Live view · "&TEXT(TODAY(),"dddd, d mmm")&" · this page fills itself"
A4: OVERDUE TASKS | B4: DUE TODAY | C4: STUCK
A5: =COUNTIFS('✅ Tasks'!$C:$C,"<"&TODAY(),'✅ Tasks'!$D:$D,"<>Done",'✅ Tasks'!$A:$A,"<>") | B5: =COUNTIFS('✅ Tasks'!$C:$C,TODAY(),'✅ Tasks'!$D:$D,"<>Done",'✅ Tasks'!$A:$A,"<>") | C5: =COUNTIF('✅ Tasks'!$D:$D,"Stuck")
A6: LEADS TO CALL | B6: CONTENT LATE | C6: CLOSED YDAY
A7: =COUNTIFS('📞 Leads'!$G:$G,"<="&TODAY(),'📞 Leads'!$F:$F,"<>Joined",'📞 Leads'!$F:$F,"<>Not now",'📞 Leads'!$B:$B,"<>") | B7: =COUNTIFS('🎬 Content'!$A:$A,"<"&TODAY(),'🎬 Content'!$E:$E,"<>Posted",'🎬 Content'!$D:$D,"<>") | C7: =COUNTIFS('🌙 Day Close'!$A:$A,TODAY()-1)&" / "&COUNTA('👥 Team'!$A$2:$A$51)
A9: ⚠️ FIX FIRST — overdue & stuck
A10: TASK | B10: WHO | C10: DUE | D10: STATUS
A11: =IFERROR(_xlfn.TAKE(_xlfn._xlws.SORT(_xlfn._xlws.FILTER(_xlfn.HSTACK('✅ Tasks'!$A$2:$A$1000,'✅ Tasks'!$B$2:$B$1000,'✅ Tasks'!$C$2:$C$1000,'✅ Tasks'!$D$2:$D$1000),('✅ Tasks'!$A$2:$A$1000<>"")*(('✅ Tasks'!$D$2:$D$1000="Stuck")+('✅ Tasks'!$C$2:$C$1000<>"")*('✅ Tasks'!$C$2:$C$1000<TODAY())*('✅ Tasks'!$D$2:$D$1000<>"Done")>0)),3,TRUE),8),IF($A$5+$C$5=0,"Nothing overdue, nothing stuck ✅",""))
A20: 🔵 DUE TODAY
A21: TASK | B21: WHO | C21: DUE | D21: GIVEN BY
A22: =IFERROR(_xlfn.TAKE(_xlfn._xlws.FILTER(_xlfn.HSTACK('✅ Tasks'!$A$2:$A$1000,'✅ Tasks'!$B$2:$B$1000,'✅ Tasks'!$C$2:$C$1000,'✅ Tasks'!$E$2:$E$1000),('✅ Tasks'!$A$2:$A$1000<>"")*('✅ Tasks'!$C$2:$C$1000=TODAY())*('✅ Tasks'!$D$2:$D$1000<>"Done")),6),IF($B$5=0,"Nothing due today ✅",""))
A29: 📞 CALL TODAY — follow-ups waiting
A30: NAME | B30: PHONE | C30: PROGRAM | D30: STATUS
A31: =IFERROR(_xlfn.TAKE(_xlfn._xlws.FILTER(_xlfn.HSTACK('📞 Leads'!$B$2:$B$1000,'📞 Leads'!$C$2:$C$1000,'📞 Leads'!$E$2:$E$1000,'📞 Leads'!$F$2:$F$1000),('📞 Leads'!$B$2:$B$1000<>"")*('📞 Leads'!$G$2:$G$1000<>"")*('📞 Leads'!$G$2:$G$1000<=TODAY())*('📞 Leads'!$F$2:$F$1000<>"Joined")*('📞 Leads'!$F$2:$F$1000<>"Not now")),6),IF($A$7=0,"No follow-ups pending ✅",""))
A38: 🎬 CONTENT RUNNING LATE
A39: TOPIC | B39: ACCOUNT | C39: PLANNED | D39: STAGE
A40: =IFERROR(_xlfn.TAKE(_xlfn._xlws.SORT(_xlfn._xlws.FILTER(_xlfn.HSTACK('🎬 Content'!$D$2:$D$1000,'🎬 Content'!$B$2:$B$1000,'🎬 Content'!$A$2:$A$1000,'🎬 Content'!$E$2:$E$1000),('🎬 Content'!$D$2:$D$1000<>"")*('🎬 Content'!$A$2:$A$1000<>"")*('🎬 Content'!$A$2:$A$1000<TODAY())*('🎬 Content'!$E$2:$E$1000<>"Posted")),3,TRUE),5),IF($B$7=0,"Content is on schedule ✅",""))
A46: Add work in ✅ Tasks · log every lead in 📞 Leads · file 🌙 Day Close before you leave. This page fills itself — don't type here.

Sheet ✅ Tasks
A1: Task | B1: Who | C1: Due | D1: Status | E1: Given by | F1: Given on | G1: Done on | H1: Notes
A2: Edit & schedule Thursday's theta reel | B2: Rahul Sarawagi | C2: 46259 | D2: Doing | E2: Rahul Sarawagi | F2: 46258 | H2: (sample rows — replace with real work)
A3: WhatsApp today's new ad leads before 1 pm | B3: Rahul Sarawagi | C3: 46260 | D3: To do | E3: Rahul Sarawagi | F3: 46260
A4: Fix classroom mic echo before Saturday session | B4: Rahul Sarawagi | C4: 46258 | D4: Stuck | E4: Rahul Sarawagi | F4: 46256 | H4: Vendor not answering — need a decision
A5: Post Monday's market-myth carousel | B5: Rahul Sarawagi | C5: 46257 | D5: Done | E5: Rahul Sarawagi | F5: 46255 | G5: 46257

Sheet 🎬 Content
A1: Post date | B1: Account | C1: Format | D1: Topic / hook | E1: Stage | F1: Owner | G1: Link | H1: Notes
A2: 46261 | B2: 5 Circles | C2: Reel | D2: Theta: the rent you pay to hold hope | E2: Edit | F2: Rahul Sarawagi | H2: (sample rows — replace with your calendar)
A3: 46259 | B3: Traders Club | C3: Post | D3: Saturday session recap + photos | E3: Shoot | F3: Rahul Sarawagi
A4: 46263 | B4: Rahul | C4: Carousel | D4: What my first loss taught me about sizing | E4: Idea | F4: Rahul Sarawagi

Sheet 📞 Leads
A1: Added on | B1: Name | C1: Phone | D1: Source | E1: Program | F1: Status | G1: Next follow-up | H1: Notes
A2: 46259 | B2: Aman Verma | C2: 98765 43210 | D2: Ad | E2: Options Lab | F2: New | G2: 46260 | H2: (sample rows — replace with real leads)
A3: 46257 | B3: Priya S. | C3: 91234 56780 | D3: Webinar | E3: Traders Club | F3: Interested | G3: 46262 | H3: Wants Saturday batch details

Sheet 🌙 Day Close
A1: Date | B1: Name | C1: What I finished today | D1: Stuck on (blank if nothing) | E1: Tomorrow's #1 thing
A2: 46259 | B2: Rahul Sarawagi | C2: Recorded 2 reels, replied to 14 DMs, closed 1 admission | E2: Call Aman about Options Lab

Sheet 👥 Team
A1: Name | B1: Role | C1: Phone | D1: Filed day close yesterday?
A2: Rahul Sarawagi | B2: Founder | D2: =IF($A2="","",IF(COUNTIFS('🌙 Day Close'!$A:$A,TODAY()-1,'🌙 Day Close'!$B:$B,$A2)>0,"✔ yes","— no"))
D3: =IF($A3="","",IF(COUNTIFS('🌙 Day Close'!$A:$A,TODAY()-1,'🌙 Day Close'!$B:$B,$A3)>0,"✔ yes","— no"))
D4: =IF($A4="","",IF(COUNTIFS('🌙 Day Close'!$A:$A,TODAY()-1,'🌙 Day Close'!$B:$B,$A4)>0,"✔ yes","— no"))
D5: =IF($A5="","",IF(COUNTIFS('🌙 Day Close'!$A:$A,TODAY()-1,'🌙 Day Close'!$B:$B,$A5)>0,"✔ yes","— no"))
D6: =IF($A6="","",IF(COUNTIFS('🌙 Day Close'!$A:$A,TODAY()-1,'🌙 Day Close'!$B:$B,$A6)>0,"✔ yes","— no"))
D7: =IF($A7="","",IF(COUNTIFS('🌙 Day Close'!$A:$A,TODAY()-1,'🌙 Day Close'!$B:$B,$A7)>0,"✔ yes","— no"))
D8: =IF($A8="","",IF(COUNTIFS('🌙 Day Close'!$A:$A,TODAY()-1,'🌙 Day Close'!$B:$B,$A8)>0,"✔ yes","— no"))
D9: =IF($A9="","",IF(COUNTIFS('🌙 Day Close'!$A:$A,TODAY()-1,'🌙 Day Close'!$B:$B,$A9)>0,"✔ yes","— no"))
D10: =IF($A10="","",IF(COUNTIFS('🌙 Day Close'!$A:$A,TODAY()-1,'🌙 Day Close'!$B:$B,$A10)>0,"✔ yes","— no"))
D11: =IF($A11="","",IF(COUNTIFS('🌙 Day Close'!$A:$A,TODAY()-1,'🌙 Day Close'!$B:$B,$A11)>0,"✔ yes","— no"))
D12: =IF($A12="","",IF(COUNTIFS('🌙 Day Close'!$A:$A,TODAY()-1,'🌙 Day Close'!$B:$B,$A12)>0,"✔ yes","— no"))
D13: =IF($A13="","",IF(COUNTIFS('🌙 Day Close'!$A:$A,TODAY()-1,'🌙 Day Close'!$B:$B,$A13)>0,"✔ yes","— no"))
D14: =IF($A14="","",IF(COUNTIFS('🌙 Day Close'!$A:$A,TODAY()-1,'🌙 Day Close'!$B:$B,$A14)>0,"✔ yes","— no"))
... D51: =IF($A51="","",IF(COUNTIFS('🌙 Day Close'!$A:$A,TODAY()-1,'🌙 Day Close'!$B:$B,$A51)>0,"✔ yes","— no"))

Sheet 📖 Read me
B2: 5 CIRCLES HQ — how this works
B3: One sheet. No app, no login, no server, nothing to install. It lives in your Google Drive, opens in the Sheets app on every phone, and never expires.
B5: THE DAILY LOOP
B6: Morning — open 📌 Today. It shows what's overdue, what's due, which leads to call, and what content is late. Fix that list first.
B7: During the day — when work moves, tap its Status dropdown: To do → Doing → Done. Truly blocked? Set it to Stuck — that's not failure, that's a flare. Stuck rows jump to the top of Today so someone helps you fast.
B8: Evening — before you leave, add one row in 🌙 Day Close: what you finished, what you're stuck on, tomorrow's #1. Under a minute. Then send a ✅ in the WhatsApp group so everyone knows you closed.
B10: THE TABS
B11: 📌 Today — fills itself, and it's locked so nobody breaks it. Don't type here.
B12: ✅ Tasks — one row per job. A task without a Due date and a Who is just a wish.
B13: 🎬 Content — every post across 5 Circles, Rahul, and Traders Club. Move the Stage as it progresses: Idea → Script → Shoot → Edit → Ready → Posted.
B14: 📞 Leads — every enquiry, same day it arrives. Set 'Next follow-up' and it will appear on Today when the day comes. A lead never chased is money burned on ads.
B15: 🌙 Day Close — one row per person per day. The founder reads this tab first.
... B29: That's the whole deployment.
